meanfreq,sd,median,Q25,Q75,IQR,skew,kurt,sp.ent,sfm,mode,centroid,meanfun,minfun,maxfun,meandom,mindom,maxdom,dfrange,modindx,label
0.059780985,0.0642412677,0.0320269134,0.0150714886,0.0901934399,0.0751219512,12.8634618372,274.4029055021,0.8933694167,0.4919177664,0,0.059780985,0.0842791064,0.0157016683,0.275862069,0.0078125,0.0078125,0.0078125,0,0,male
0.0660087404,0.0673100288,0.0402287348,0.019413867,0.0926661901,0.0732523231,22.4232853628,634.6138545421,0.8921932423,0.5137238425,0,0.0660087404,0.1079365537,0.0158259149,0.25,0.0090144231,0.0078125,0.0546875,0.046875,0.0526315789,male
0.0773155027,0.0838294209,0.0367184587,0.0087010566,0.1319080174,0.1232069608,30.7571545801,1024.927704721,0.8463890919,0.4789049791,0,0.0773155027,0.0987062616,0.0156555773,0.2711864407,0.0079900568,0.0078125,0.015625,0.0078125,0.0465116279,male
0.1512280917,0.0721105873,0.1580111871,0.0965817278,0.2079552517,0.1113735239,1.2328312755,4.1772962103,0.9633224615,0.7272317989,0.0838781852,0.1512280917,0.0889648486,0.0177975528,0.25,0.2014973958,0.0078125,0.5625,0.5546875,0.2471190781,male
0.1351203873,0.0791461005,0.1246562287,0.0787202178,0.2060449285,0.1273247107,1.1011736655,4.3337131547,0.9719550762,0.7835680576,0.1042614023,0.1351203873,0.1063978446,0.0169312169,0.2666666667,0.7128125,0.0078125,5.484375,5.4765625,0.2082738944,male
0.1327864073,0.079556866,0.1190898483,0.067957993,0.2095915986,0.1416336056,1.9325624321,8.3088950367,0.9631813463,0.7383070045,0.1125554259,0.1327864073,0.1101319201,0.0171122995,0.253968254,0.2982219828,0.0078125,2.7265625,2.71875,0.1251596424,male
0.1507623302,0.0744632052,0.160106383,0.0928989362,0.2057180851,0.1128191489,1.5306432314,5.987497658,0.9675730699,0.7626376703,0.0861968085,0.1507623302,0.1059445153,0.0262295082,0.2666666667,0.4796195652,0.0078125,5.3125,5.3046875,0.1239918648,male
0.1605143322,0.0767668849,0.1443367752,0.1105321684,0.2319618745,0.1214297061,1.3971563651,4.766610695,0.9592545698,0.719857907,0.1283240667,0.1605143322,0.0930524303,0.0177580466,0.1441441441,0.3013392857,0.0078125,0.5390625,0.53125,0.2839366516,male
0.1422394168,0.0780184624,0.1385874439,0.088206278,0.2085874439,0.1203811659,1.0997461512,4.0702837059,0.9707229322,0.7709920545,0.219103139,0.1422394168,0.0967289462,0.0179573513,0.25,0.3364762931,0.0078125,2.1640625,2.15625,0.1482720178,male
0.1343287773,0.0803500276,0.1214513469,0.075579989,0.2019571193,0.1263771303,1.1903684443,4.787309833,0.9752461425,0.804505253,0.0116987356,0.1343287773,0.1058809263,0.0193003619,0.262295082,0.3403645833,0.015625,4.6953125,4.6796875,0.0899199816,male
0.1570205111,0.0719429307,0.1681601525,0.1014299333,0.2167397521,0.1153098189,0.9794422754,3.9742226255,0.9652491393,0.7336928779,0.0963584366,0.1570205111,0.088893983,0.0220689655,0.1176470588,0.4602272727,0.0078125,2.8125,2.8046875,0.2,male
0.1385505214,0.077053993,0.1275265957,0.0873138298,0.2027393617,0.1154255319,1.6267698668,6.2913650787,0.9660037751,0.7520420127,0.0121010638,0.1385505214,0.1041993187,0.019138756,0.262295082,0.24609375,0.0078125,2.71875,2.7109375,0.1323513715,male
0.1373427419,0.0808767069,0.1242625081,0.0831448993,0.2092267706,0.1260818713,1.3787282035,5.008951625,0.9635135278,0.7361499551,0.1084340481,0.1373427419,0.0926440193,0.0167890871,0.2133333333,0.4816706731,0.015625,5.015625,5,0.0885,male
0.1812254594,0.0600420545,0.1909532062,0.1288388215,0.2295320624,0.1006932409,1.3694304576,5.475599788,0.9374457605,0.5370799949,0.2198266898,0.1812254594,0.1315037223,0.025,0.275862069,1.2771139706,0.0078125,2.8046875,2.796875,0.4165502793,male
0.1831152807,0.0669823504,0.1912325286,0.1291486658,0.2401524778,0.1110038119,3.5681040235,35.3847484526,0.9403326229,0.5713942015,0.0499872935,0.1831152807,0.1027986951,0.0208333333,0.275862069,1.2457386364,0.203125,6.7421875,6.5390625,0.1393317678,male
0.1742721052,0.0694110453,0.1908741067,0.1156019791,0.2282792743,0.1126772952,4.4850383502,61.7649083141,0.9509720247,0.6351991784,0.0500274876,0.1742721052,0.1020459915,0.018327606,0.2461538462,1.6212993421,0.0078125,7,6.9921875,0.209310987,male
0.1908462977,0.0657902824,0.2079509871,0.1322804629,0.2443567052,0.1120762423,1.562303683,7.8343498864,0.9385460134,0.5388095841,0.0501293397,0.1908462977,0.1133228015,0.0175438596,0.275862069,1.4341145833,0.0078125,6.3203125,6.3125,0.2547797883,male
0.1712469713,0.0748715697,0.1528066528,0.1223908524,0.2436174636,0.1212266112,3.207169827,25.7655649448,0.9369535369,0.5864195142,0.05995842,0.1712469713,0.0797183122,0.0156709109,0.262295082,0.1062794811,0.0078125,0.5703125,0.5625,0.1383547009,male
0.1683459462,0.0741208171,0.1456184717,0.1157559098,0.2398240792,0.1240681693,2.7043347287,18.4847025969,0.9345233796,0.5597423183,0.0600329852,0.1683459462,0.0834840221,0.0157170923,0.231884058,0.1465625,0.0078125,3.125,3.1171875,0.0595365966,male
0.1736313761,0.073351512,0.1535685574,0.1236802144,0.2442340331,0.1205538187,2.8049748848,20.8575431561,0.9309168928,0.5182685565,0.0600267977,0.1736313761,0.0901295386,0.0157016683,0.2105263158,0.1930443548,0.0078125,2.8203125,2.8125,0.0681238616,male
0.1727542872,0.076902583,0.1777362894,0.1200700117,0.2453675613,0.1252975496,2.9677650933,20.078114698,0.925539327,0.5230811226,0.0599533256,0.1727542872,0.0935735125,0.0157635468,0.2,0.2358774038,0.0078125,0.71875,0.7109375,0.2350692785,male
0.1810153938,0.0743693038,0.1692988134,0.1286731392,0.2541747573,0.1255016181,2.5873245336,12.2814319227,0.9152841196,0.4753174708,0.0599568501,0.1810153938,0.0986434102,0.0161453078,0.275862069,0.20984375,0.0078125,3.6953125,3.6875,0.0599399718,male
0.1635358535,0.0724488983,0.145542522,0.1139296188,0.2274486804,0.1135190616,3.58764999,28.6537805053,0.9270146783,0.5424224035,0.059941349,0.1635358535,0.0625416439,0.0156862745,0.1975308642,0.0596217105,0.0078125,0.4453125,0.4375,0.0916988417,male
0.1702127975,0.0751049461,0.1460529986,0.1239888424,0.250125523,0.1261366806,2.8167929184,13.7645822009,0.9138322536,0.4879657157,0.059944212,0.1702127975,0.0776984149,0.0157016683,0.1927710843,0.1015625,0.0078125,0.5625,0.5546875,0.1617912604,male
0.1604224765,0.0766147645,0.1448238058,0.1209240407,0.2372435395,0.1163194988,6.253208252,85.4919256914,0.933029647,0.5674236135,0.0600783085,0.1604224765,0.0989441462,0.0160965795,0.275862069,0.206756162,0.0078125,3.953125,3.9453125,0.0738896747,male
0.164699838,0.0753617724,0.1470184697,0.1186983289,0.240474934,0.1217766051,4.2086084052,43.6818854252,0.9406687902,0.6040204851,0.0599648197,0.164699838,0.0829626114,0.0156402737,0.253968254,0.1433531746,0.0078125,1.0625,1.0546875,0.1259259259,male
0.1695788014,0.075634514,0.1864675768,0.1167064846,0.2385494881,0.1218430034,4.2699226778,45.8952478176,0.9294980422,0.5437085441,0.0599658703,0.1695788014,0.0824513207,0.0162107396,0.2711864407,0.1484375,0.0078125,3.609375,3.6015625,0.050840564,male
0.1690210039,0.0717781521,0.1431684828,0.1258005029,0.2483151718,0.1225146689,3.0792733952,14.3402988428,0.9022752561,0.4777457231,0.1281475272,0.1690210039,0.1305983277,0.0158415842,0.2253521127,0.3353125,0.0078125,0.7109375,0.703125,0.3973544974,male
0.1673402387,0.0728412302,0.1417391304,0.122173913,0.24,0.117826087,2.1921262457,8.1524097849,0.9137634933,0.5394790898,0.1347826087,0.1673402387,0.1200521837,0.0162436548,0.262295082,0.2986778846,0.0078125,0.6796875,0.671875,0.3847780127,male
0.1805278214,0.0708669981,0.1423853211,0.1295412844,0.2524770642,0.1229357798,2.7999689442,12.1903605226,0.8531148937,0.3134264497,0.1335779817,0.1805278214,0.1266074408,0.0170394036,0.1777777778,0.2348632813,0.0078125,0.5078125,0.5,0.3292410714,male
0.1530390476,0.07403113,0.1580645161,0.0927311828,0.2143655914,0.1216344086,0.8857016476,3.5239818556,0.9732178416,0.8075517084,0.2167741935,0.1530390476,0.0674074987,0.0162601626,0.2051282051,0.2615625,0.0078125,1.0234375,1.015625,0.1913461538,male
0.1666594988,0.0759611676,0.142781457,0.1220750552,0.2450772627,0.1230022075,3.2818479641,16.6194816903,0.9157848693,0.5604066953,0.1270198675,0.1666594988,0.1277198912,0.0172786177,0.275862069,0.2745028409,0.0078125,0.6328125,0.625,0.3325,male
0.1756594288,0.0716515331,0.1441916168,0.1310578842,0.2565269461,0.1254690619,3.7364872839,21.6666687322,0.8767489552,0.4039095598,0.1344111776,0.1756594288,0.1327260958,0.016563147,0.2285714286,0.2578125,0.0078125,0.6484375,0.640625,0.2034368071,male
0.1748257333,0.0715328311,0.1464705882,0.1235294118,0.2470588235,0.1235294118,2.5767320417,10.1101248636,0.8753915189,0.43670621,0.12,0.1748257333,0.1246848016,0.0167539267,0.25,0.7990056818,0.0078125,4.171875,4.1640625,0.2058161351,male
0.1740646137,0.073121844,0.1401834862,0.127706422,0.2528440367,0.1251376147,3.2630397551,16.4240546533,0.8756111108,0.4148388844,0.1332110092,0.1740646137,0.1245331858,0.0163432074,0.231884058,0.2449448529,0.0078125,0.6328125,0.625,0.4225,male
0.1595304912,0.0752731038,0.1468531469,0.1213986014,0.2393706294,0.117972028,1.9935005164,6.8703511773,0.921132353,0.5825310217,0.1336363636,0.1595304912,0.1202544213,0.0184119678,0.1684210526,0.3728693182,0.0078125,2.609375,2.6015625,0.2168168168,male
0.1676483614,0.0672199273,0.1572395129,0.1360216509,0.209526387,0.0735047361,1.9360651296,6.3346257992,0.9039823049,0.48288605,0.1345060893,0.1676483614,0.1427482509,0.0166147456,0.262295082,0.2395833333,0.0078125,0.6015625,0.59375,0.3475877193,male
0.1724363859,0.0715045425,0.145620438,0.1328467153,0.2524087591,0.1195620438,4.5044405412,31.0784170213,0.8782068814,0.47004435,0.1359124088,0.1724363859,0.1389038715,0.1212121212,0.1720430108,0.2609375,0.1328125,0.5546875,0.421875,0.2325102881,male
0.1629811157,0.065952332,0.1427706636,0.1342956927,0.2069848661,0.0726891735,4.3448383375,26.5896054771,0.869835696,0.4297856586,0.1375552969,0.1629811157,0.131376326,0.0167714885,0.1818181818,0.187890625,0.0078125,0.6875,0.6796875,0.2554278416,male
0.1702098476,0.0720230083,0.1460038986,0.1288109162,0.2458869396,0.1170760234,2.7459513382,11.7842974325,0.9118507525,0.5146006682,0.1323586745,0.1702098476,0.1275291864,0.0161616162,0.25,0.3284646739,0.0078125,0.9140625,0.90625,0.1715517241,male
0.1714008073,0.0684281386,0.145321955,0.1312024825,0.2461132661,0.1149107836,2.930439972,13.7261348171,0.8935695846,0.4242544484,0.1370674942,0.1714008073,0.141183375,0.0158415842,0.262295082,0.3136574074,0.0078125,0.6953125,0.6875,0.2732213439,male
0.1468861537,0.0681608164,0.1214667495,0.0971037912,0.2133499068,0.1162461156,2.6033941467,13.2658509848,0.9406588984,0.6119773489,0.1212927284,0.1468861537,0.0815637606,0.015936255,0.2424242424,0.3467684659,0.0078125,4.1796875,4.171875,0.0950701158,male
0.1667637855,0.064488516,0.1601236476,0.1168469861,0.2295826893,0.1127357032,2.1172030424,8.9391762072,0.9378487633,0.5921232942,0.1213910355,0.1667637855,0.1016814813,0.0156402737,0.253968254,0.41953125,0.0078125,2.8203125,2.8125,0.0995726496,male
0.1536918606,0.066495859,0.145158831,0.0990851334,0.2115120712,0.1124269377,2.3525939085,13.9079320272,0.9463490094,0.6292715729,0.121321474,0.1536918606,0.0955971185,0.015920398,0.2424242424,0.6076108871,0.0859375,4.7265625,4.640625,0.1203102453,male
0.1680113386,0.0688734014,0.1679178886,0.1159824047,0.2280645161,0.1120821114,2.3196262581,8.564218273,0.926521541,0.5676209721,0.1213196481,0.1680113386,0.1017189284,0.016,0.262295082,0.2041529605,0.0078125,0.625,0.6171875,0.2319534725,male
0.1482813826,0.0681171837,0.1298927806,0.0948677627,0.2003431022,0.1054753395,3.2684749457,22.8964449095,0.9426261124,0.6358529825,0.1212866333,0.1482813826,0.0975316074,0.0158102767,0.275862069,0.7157451923,0.0078125,5.2265625,5.21875,0.1392215569,male
0.1585959554,0.0662166524,0.133302217,0.1110851809,0.2244574096,0.1133722287,3.019164195,17.5364251272,0.9324151592,0.5679134894,0.1212135356,0.1585959554,0.0804598269,0.016064257,0.2666666667,0.2641289894,0.0078125,1.3359375,1.328125,0.1820971867,male
0.1636431816,0.0700307165,0.1441211102,0.1106812447,0.2274852817,0.116804037,1.6995287541,7.628756036,0.9483834398,0.6325793152,0.1212783852,0.1636431816,0.0555653493,0.016276704,0.2133333333,0.1626420455,0.03125,0.671875,0.640625,0.1162347561,male
0.1586569254,0.0675640574,0.1610619469,0.1044520082,0.2191967325,0.1147447243,1.9396625325,8.2038320802,0.9421899127,0.6135781626,0.1212253233,0.1586569254,0.1013949163,0.0157790927,0.275862069,0.4677972561,0.0078125,6.8828125,6.875,0.0909375,male
0.1378928201,0.0724206627,0.1198523985,0.0865313653,0.200701107,0.1141697417,2.0109933025,10.2620740441,0.9632943726,0.7270472244,0.0599261993,0.1378928201,0.0763074183,0.0162107396,0.128,0.505859375,0.03125,4.6640625,4.6328125,0.1730372869,male
0.1427155853,0.0741635911,0.1278500986,0.0889151874,0.2062721893,0.117357002,1.5522694403,7.2301879462,0.9666848725,0.7531876416,0.0601972387,0.1427155853,0.0988725568,0.018735363,0.2077922078,0.8532986111,0.0078125,4.6640625,4.65625,0.2129885511,male
0.1350529139,0.072095147,0.1129270128,0.0876448457,0.2003611738,0.1127163281,3.4217794371,19.1332172982,0.9484173474,0.6829877123,0.1026034612,0.1350529139,0.0907510579,0.0172413793,0.2,0.6153125,0.015625,4.4453125,4.4296875,0.2171516755,male
0.1414607603,0.0728613947,0.1248792884,0.0907242694,0.2011944091,0.1104701398,2.2641149868,13.0822967978,0.9648729086,0.7342904265,0.0601270648,0.1414607603,0.1013947601,0.0217983651,0.2352941176,0.8962823276,0.0078125,5.15625,5.1484375,0.2391389872,male
0.1412801152,0.0744040482,0.1342061701,0.0905944319,0.2020466516,0.1114522197,2.0525506569,10.9413056776,0.9665882046,0.7447998714,0.0600451467,0.1412801152,0.109319559,0.0267111853,0.2285714286,0.9746875,0.0390625,5.828125,5.7890625,0.1680161943,male
0.1538512034,0.0721915753,0.1445920942,0.1024390244,0.2194785534,0.117039529,1.7588925201,7.1324384474,0.9547108687,0.684616797,0.0600504626,0.1538512034,0.1122564095,0.0247295209,0.275862069,0.6287006579,0.0078125,2.703125,2.6953125,0.206763285,male
0.1456407047,0.0770064087,0.1379472141,0.0878592375,0.2118475073,0.1239882698,2.1114805651,11.535716114,0.9649254882,0.7393683567,0.059941349,0.1456407047,0.1036695061,0.0156709109,0.275862069,0.9204799107,0.0078125,5.4296875,5.421875,0.2709467392,male
0.1448584069,0.0765918167,0.1355717762,0.0906082725,0.2076155718,0.1170072993,2.7975019353,29.5536466012,0.9719074061,0.7636381692,0.0599513382,0.1448584069,0.1032495601,0.0212765957,0.2666666667,0.7916666667,0.0078125,4.9921875,4.984375,0.1596786834,male
0.1216833626,0.0868501117,0.1182370459,0.0306849315,0.2152948183,0.1846098868,2.0623240561,8.4655735126,0.9316606889,0.5492176942,0.117903514,0.1216833626,0.1308875248,0.0203562341,0.2711864407,0.5834173387,0.0078125,3.7265625,3.71875,0.2532212885,male
0.1356499321,0.0864123306,0.1267224547,0.049986053,0.2288423989,0.1788563459,1.3882763282,5.0090165496,0.9525140694,0.6598138358,0.1148117155,0.1356499321,0.1343142129,0.0608365019,0.25,1.10875,0.0078125,4.296875,4.2890625,0.3692664348,male
0.1003994171,0.0728345701,0.0817251755,0.0440922768,0.1443530592,0.1002607823,0.529583803,2.0684554908,0.9701941624,0.7545522055,0.0116549649,0.1003994171,0.1173593211,0.015936255,0.262295082,1.0867598684,0.0078125,4.34375,4.3359375,0.3448648649,male
0.125087547,0.0801166951,0.1141911211,0.0573062453,0.2014145974,0.1441083521,2.3773896556,10.5507201691,0.9484959283,0.6706330076,0.1118735892,0.125087547,0.1147427256,0.0243902439,0.2711864407,0.5600328947,0.0078125,4.296875,4.2890625,0.2266747622,male
0.1434861622,0.0702754868,0.1238687973,0.1017325484,0.2112363331,0.1095037847,1.793199734,6.6615334016,0.9422785868,0.6101708211,0.1064423886,0.1434861622,0.1208153687,0.0333333333,0.2666666667,1.1166666667,0.09375,4.5625,4.46875,0.3503227542,male
0.1431968299,0.0854473875,0.1253527981,0.0962287105,0.2326520681,0.1364233577,1.9361265325,7.989100746,0.9407291338,0.585174796,0.1130900243,0.1431968299,0.1102603026,0.0272572402,0.262295082,0.6527777778,0.0078125,4.5703125,4.5625,0.1873972603,male
0.1455323814,0.0878640432,0.1297205978,0.0889668616,0.2337881741,0.1448213125,1.4587988371,5.0103793658,0.9465953659,0.6213920743,0.1158934373,0.1455323814,0.1038031369,0.0156862745,0.275862069,0.7063419118,0.0078125,4.9765625,4.96875,0.1668096055,male
0.1620654293,0.0844322912,0.1431490159,0.1123149016,0.2494283037,0.1371134021,1.5785632815,5.1794488062,0.9434046692,0.5951279637,0.2689784442,0.1620654293,0.1170222688,0.0165289256,0.25,0.5991443452,0.0078125,4.578125,4.5703125,0.18921762,male
0.1429612328,0.0831068991,0.1292923517,0.09807005,0.2281629736,0.1300929235,1.831167575,7.1587651037,0.9461340585,0.6316889761,0.1124803431,0.1429612328,0.1317335725,0.0540540541,0.25,0.410546875,0.0078125,2.71875,2.7109375,0.1563779766,male
0.1411534471,0.0809221885,0.1243049327,0.0971524664,0.2222421525,0.1250896861,1.7242978369,6.3135165057,0.9499588961,0.6466530467,0.1093946188,0.1411534471,0.1172978359,0.0188679245,0.2580645161,0.6396169355,0.0078125,4.0625,4.0546875,0.1872300844,male
0.1673340353,0.0471777271,0.1618021548,0.1354750245,0.1807247796,0.0452497551,3.9619083618,24.4196217903,0.880375253,0.3443073116,0.1661900098,0.1673340353,0.1418104062,0.0160320641,0.253968254,0.578125,0.125,6.921875,6.796875,0.0216475096,male
0.1678503123,0.0525935888,0.1632621951,0.1284756098,0.1903658537,0.0618902439,1.9192295229,7.131328753,0.9205127091,0.4038658077,0.1668902439,0.1678503123,0.1215462539,0.0159521436,0.262295082,0.8131793478,0.0703125,6.5703125,6.5,0.0741887019,male
0.1850984387,0.0542894418,0.176771888,0.1464204884,0.2166289458,0.0702084574,1.6017391801,5.2237863323,0.9103209154,0.3580230726,0.1652650387,0.1850984387,0.1309833276,0.0161616162,0.2666666667,0.568287037,0.0078125,5.140625,5.1328125,0.0958269914,male
0.1677615378,0.0588833701,0.1599340297,0.1256074766,0.2008796042,0.0752721275,2.5315003959,11.5094854321,0.923640119,0.4851177543,0.1268389225,0.1677615378,0.1320890637,0.0185399768,0.253968254,1.0485197368,0.0078125,6.84375,6.8359375,0.0583736264,male
0.1710935017,0.061286735,0.1486913801,0.1255560518,0.2334792318,0.10792318,2.7895933529,13.537514558,0.9098366711,0.3953281656,0.1295578383,0.1710935017,0.1320753652,0.0261865794,0.2025316456,0.2992788462,0.0078125,0.6796875,0.671875,0.2015503876,male
0.1670830539,0.0644256732,0.1817051153,0.1075626881,0.2207422267,0.1131795386,1.8709435261,8.3815571423,0.9348581257,0.5209260054,0.0922567703,0.1670830539,0.1026264382,0.0208333333,0.25,0.6378348214,0.21875,5.203125,4.984375,0.0219435737,male
0.2008301454,0.0530662166,0.210058873,0.1853322119,0.2361984861,0.0508662742,1.8409014437,6.0068009085,0.9076831357,0.3868184685,0,0.2008301454,0.1651553814,0.0157635468,0.2711864407,1.0670572917,0.0703125,5.59375,5.5234375,0.3363764948,male
0.1370956433,0.0666331531,0.1028734811,0.0850607577,0.1971408149,0.1120800572,4.0782168596,25.6632155853,0.9122157613,0.5078862014,0.0842601858,0.1370956433,0.0811647388,0.0166666667,0.262295082,0.1953125,0.0078125,2.171875,2.1640625,0.0460600025,male
0.1903245629,0.0516957238,0.1914104193,0.1568996188,0.2205844981,0.0636848793,1.461858806,5.3603189275,0.9180012454,0.3623442759,0,0.1903245629,0.1520125447,0.0211360634,0.2461538462,0.8845486111,0.0078125,6.71875,6.7109375,0.2117345751,male
0.1871394535,0.0564994065,0.1761093847,0.1430453698,0.2476320696,0.1045866998,1.4111533142,4.149301675,0.9022469868,0.2985994771,0.1661901802,0.1871394535,0.1381976013,0.0166840459,0.231884058,0.8013392857,0.125,6.640625,6.515625,0.1270060874,male
0.1843548693,0.0554939411,0.1834306569,0.1509002433,0.226350365,0.0754501217,1.5880138585,8.9900482026,0.9328347865,0.4277552544,0,0.1843548693,0.1337174498,0.0185185185,0.2666666667,1.795625,0.0078125,7,6.9921875,0.3161039592,male
0.200041812,0.0558151308,0.2107921382,0.1665991662,0.2434782609,0.0768790947,2.9267807049,15.2537868036,0.9146340118,0.4129194664,0.24064324,0.200041812,0.159106931,0.0201005025,0.2666666667,0.62265625,0.15625,6.390625,6.234375,0.119743804,male
0.1756818678,0.0555240942,0.1731510255,0.1482660037,0.2150901181,0.0668241144,1.7598529436,6.4713639671,0.9340606695,0.5125622482,0,0.1756818678,0.1493867042,0.0199004975,0.253968254,0.807112069,0.0078125,6.5625,6.5546875,0.1904903797,male
0.1848508968,0.062446727,0.1898094028,0.1337738247,0.2385514612,0.1047776366,1.6610608456,10.8941078624,0.9343233736,0.4678264779,0,0.1848508968,0.1393782576,0.0250783699,0.275862069,1.7525,0.078125,6.7265625,6.6484375,0.3497675369,male
0.1826301353,0.0489745492,0.1766180049,0.1526034063,0.2094890511,0.0568856448,1.6285788658,5.586837138,0.9072149735,0.3028143136,0.1854744526,0.1826301353,0.1473509767,0.0199004975,0.262295082,1.0368652344,0.140625,6.8203125,6.6796875,0.2058479532,male
0.1964632623,0.0576063825,0.2044070648,0.1561312027,0.2484440706,0.092312868,1.1970406159,4.1099936792,0.922524307,0.3945612922,0,0.1964632623,0.1680378756,0.0181405896,0.275862069,1.0951286765,0.1484375,6.59375,6.4453125,0.2590151515,male
0.1913109154,0.0571228136,0.2087747958,0.1396732789,0.2352392065,0.0955659277,6.9950454818,112.6479883861,0.9076221468,0.3190690577,0.0900116686,0.1913109154,0.0805950836,0.0157170923,0.2253521127,0.1605718085,0.09375,0.4296875,0.3359375,0.1420626896,male
0.1960060205,0.0539300618,0.2033838973,0.1540490082,0.2393232205,0.0852742124,4.0382634669,50.5914623889,0.927145397,0.2962771196,0.0900116686,0.1960060205,0.0810174946,0.0158102767,0.1951219512,0.1472739362,0.09375,0.375,0.28125,0.1763285024,male
0.1914616823,0.0518621797,0.2024951267,0.1531903834,0.2286939571,0.0755035737,4.1965095483,45.8641606224,0.912414048,0.2848722226,0.0900584795,0.1914616823,0.0658274488,0.0162436548,0.2105263158,0.1677827381,0.09375,0.65625,0.5625,0.1056910569,male
0.1937693472,0.0583348771,0.2061978273,0.1493653516,0.2428587764,0.0934934248,5.2512390642,74.4264928624,0.9299162863,0.3818533232,0.0899714122,0.1937693472,0.0783628523,0.0157325467,0.253968254,0.1617838542,0.09375,0.65625,0.5625,0.1332742317,male
0.1949209248,0.0562848043,0.2084304933,0.148161435,0.2423318386,0.0941704036,6.9836674875,116.9593093288,0.9240994662,0.314006474,0.0900896861,0.1949209248,0.0634751795,0.0156709109,0.2191780822,0.1479591837,0.09375,0.3671875,0.2734375,0.0988095238,male
0.1938081888,0.0549691047,0.2022328114,0.1524846835,0.2411164057,0.0886317223,4.0579085749,44.4470392584,0.9147997052,0.2998627022,0.0899659632,0.1938081888,0.0831278933,0.0162601626,0.25,0.2301829268,0.0078125,1.984375,1.9765625,0.1169960474,male
0.1935889974,0.0523506508,0.2015359477,0.1637908497,0.235620915,0.0718300654,5.4177127629,66.0911654026,0.909692503,0.2952223082,0.090130719,0.1935889974,0.0815047321,0.0161453078,0.262295082,0.2568933824,0.0078125,3.2421875,3.234375,0.0817596252,male
0.1982953559,0.0545543032,0.214516129,0.1558064516,0.2368914956,0.081085044,3.8449593861,33.6801134379,0.9037553521,0.2716010741,0.0901173021,0.1982953559,0.1120227484,0.017679558,0.275862069,0.2770182292,0.0078125,2.0703125,2.0625,0.0929924242,male
0.1987780459,0.0567545099,0.2106158358,0.1597067449,0.2416129032,0.0819061584,6.2303347672,85.9967916196,0.9059790774,0.3079648768,0.0901173021,0.1987780459,0.0721357332,0.0178970917,0.1509433962,0.1455592105,0.09375,0.421875,0.328125,0.1267696268,male
0.2063122354,0.0546417923,0.2185158151,0.1629927007,0.2575182482,0.0945255474,3.9577254994,34.3191654013,0.9112151793,0.2576294355,0.0900973236,0.2063122354,0.0730513263,0.0157946693,0.1975308642,0.1592013889,0.09375,0.3828125,0.2890625,0.2444717445,male
0.1177777029,0.0795275666,0.1111764706,0.0467352941,0.1968235294,0.1500882353,23.5380614442,671.834241093,0.9019135704,0.5628342336,0,0.1177777029,0.0911465863,0.0156402737,0.275862069,0.0078125,0.0078125,0.0078125,0,0,male
0.1057820275,0.0812468622,0.1027892433,0.0227642276,0.1882426517,0.165478424,27.9529006755,903.7890859526,0.8932997518,0.5535526207,0,0.1057820275,0.0879181734,0.0161290323,0.2666666667,0.0078125,0.0078125,0.0078125,0,0,male
0.1070093638,0.0813125481,0.1027875095,0.0251637471,0.1889413557,0.1637776085,24.705118496,714.6968948971,0.8913478121,0.57677811,0,0.1070093638,0.0759068561,0.016,0.2222222222,0.0078125,0.0078125,0.0078125,0,0,male
0.1190063032,0.0830825145,0.1062138728,0.0455202312,0.2000867052,0.154566474,26.8796750662,812.2040859025,0.8839257365,0.6041489415,0,0.1190063032,0.0929609476,0.0163599182,0.1758241758,0.0078125,0.0078125,0.0078125,0,0,male
0.0825255879,0.080917867,0.0612449098,0.0083071553,0.1296567772,0.1213496219,15.8910015965,402.932610189,0.906001229,0.5616837148,0,0.0825255879,0.087384208,0.0158102767,0.2711864407,0.0079787234,0.0078125,0.015625,0.0078125,0.0434782609,male
0.1306736384,0.0828815442,0.1169641773,0.0822829387,0.2048573163,0.1225743777,27.7051186028,896.6503469797,0.9004028878,0.5844636221,0,0.1306736384,0.0903804423,0.0166147456,0.2388059701,0.0078125,0.0078125,0.0078125,0,0,male
0.2113995724,0.0343615727,0.2095689247,0.1863571767,0.2359639981,0.0496068214,1.8783473089,6.5981547263,0.8817632794,0.1625463906,0.2028043581,0.2113995724,0.15199433,0.0436633663,0.2791139241,1.7492560892,0.0215332031,8.3333496094,8.3118164063,0.1178338626,female
0.2230773591,0.03726989,0.2306796117,0.2015533981,0.2539805825,0.0524271845,1.6157083312,4.9691575222,0.8865705668,0.1584422075,0.2072491909,0.2230773591,0.1442162754,0.0435770751,0.275625,1.1335989145,0.0215332031,8.3979492188,8.3764160156,0.1155526992,female
0.2079588552,0.0390147384,0.2039474876,0.179230421,0.2363965595,0.0571661385,1.6368487885,5.8528571096,0.8936801439,0.1668827622,0.2031869624,0.2079588552,0.1462326071,0.0440559441,0.2791139241,1.7324946963,0.0215332031,8.785546875,8.7640136719,0.1320362131,female
0.2170272625,0.03999951,0.2154023937,0.1846636401,0.2508790755,0.0662154354,1.1506237328,3.3550100322,0.8960058559,0.1759546497,0.2053487412,0.2170272625,0.1452483754,0.0433202358,0.2791139241,1.3407753733,0.0215332031,8.8716796875,8.8501464844,0.1233229058,female
0.2025752445,0.0348120632,0.2029023256,0.1795906977,0.2165767442,0.0369860465,3.3959121675,18.0997246454,0.8696338314,0.1744930004,0.2040744186,0.2025752445,0.152124648,0.043620178,0.2773584906,2.1904052734,0.1076660156,20.4565429688,20.3488769531,0.0784832451,female
0.2098224896,0.038042578,0.2098911353,0.1789735614,0.2384862623,0.0595127009,1.6878556559,5.9212109434,0.890656339,0.179265018,0.2380508035,0.2098224896,0.149381785,0.0431506849,0.2791139241,1.4117706299,0.0215332031,7.9457519531,7.92421875,0.1188639551,female
0.2122875158,0.0361830301,0.2098056327,0.1933677112,0.2366838556,0.0433161444,2.3462757606,10.4281559531,0.8897357735,0.1955983929,0.2039190797,0.2122875158,0.1436223505,0.0431929481,0.2791139241,1.351664708,0.0215332031,8.2902832031,8.26875,0.1233258929,female
0.1905123477,0.0747279232,0.2154627949,0.1896733212,0.2409981851,0.0513248639,1.8347823938,6.1915662485,0.9138255309,0.4323037945,0.2408711434,0.1905123477,0.162481995,0.015920398,0.275862069,0.4889856557,0.03125,5.875,5.84375,0.1135695187,female
0.2069275441,0.0701702285,0.2336039768,0.2082021541,0.2484507042,0.0402485501,2.6859477947,11.9631873577,0.8978180842,0.4024876563,0.2454349627,0.2069275441,0.1627259477,0.0157480315,0.275862069,0.7601445896,0.015625,6.7734375,6.7578125,0.163408653,female
0.1822378478,0.0761383286,0.2066183575,0.1387600644,0.2329951691,0.0942351047,2.6966523652,12.9576935971,0.9129816366,0.4485596738,0.0438486312,0.1822378478,0.1396183948,0.0156862745,0.275862069,0.8451086957,0.03125,6.9453125,6.9140625,0.1287969425,female
0.180979303,0.0799502618,0.2170627803,0.1120627803,0.2396636771,0.1276008969,2.8318871576,15.2239844306,0.920161795,0.5092522088,0.0590134529,0.180979303,0.1554156822,0.0157946693,0.275862069,0.3549107143,0.03125,6.7109375,6.6796875,0.0736598441,female
0.2123261796,0.0712193995,0.2397477932,0.2026733922,0.2579907524,0.0553173602,2.1762947042,7.9135874393,0.9019456353,0.3954332304,0.243160992,0.2123261796,0.1871450382,0.0171858217,0.275862069,0.6851325758,0.03125,6,5.96875,0.1746073298,female
0.1933887499,0.0718631955,0.2142024014,0.1938707833,0.2399771298,0.0461063465,2.6320410798,11.2042742723,0.9061367636,0.4639898549,0.2058776444,0.1933887499,0.1541212088,0.0158259149,0.2666666667,0.5955784574,0.0078125,6.828125,6.8203125,0.1412420937,female
0.1998629536,0.0757902169,0.2254800431,0.2037324703,0.2469255663,0.043193096,2.9908815929,14.7432835302,0.8940422025,0.4006164019,0.2221574973,0.1998629536,0.1653240219,0.0162601626,0.275862069,0.7205882353,0.0078125,6.859375,6.8515625,0.1624173318,female
0.2075608746,0.0708301117,0.2235997401,0.2099545159,0.2590773229,0.049122807,3.1392429092,13.8719464357,0.8847301057,0.4075182733,0.2770890188,0.2075608746,0.1529665233,0.0186915888,0.275862069,0.7001488095,0.03125,6.5703125,6.5390625,0.1632427077,female
0.2008198587,0.0719078923,0.2216878403,0.1995825771,0.2502722323,0.0506896552,2.0193441152,7.0095469111,0.9157961079,0.4826900546,0.0265517241,0.2008198587,0.2002983854,0.0223152022,0.275862069,1.01953125,0.0078125,6.1953125,6.1875,0.2007318079,female
0.2062071486,0.070150758,0.2252659574,0.2068351064,0.2479787234,0.041143617,2.5478657954,10.5266313258,0.8910294243,0.3885604455,0.2131648936,0.2062071486,0.1903226781,0.0177777778,0.275862069,1.11328125,0.0078125,6.71875,6.7109375,0.251959643,female
0.1297739713,0.078814989,0.1296186441,0.0581355932,0.1969491525,0.1388135593,2.0280902454,9.3110663123,0.958561295,0.7282770543,0.1913135593,0.1297739713,0.1806377912,0.0507936508,0.2711864407,0.661328125,0.0078125,5.84375,5.8359375,0.1827661523,female
0.1218370642,0.0794483642,0.1210599721,0.0417852162,0.189595537,0.1478103208,1.856365637,8.1121563391,0.9678195917,0.7723984507,0.0119107392,0.1218370642,0.1918457916,0.0714285714,0.2666666667,0.5778645833,0.0078125,4.625,4.6171875,0.1891592275,female
0.1201831227,0.0787162304,0.1161978362,0.0432766615,0.1938794436,0.1506027821,1.2189094274,4.4382780478,0.9644630704,0.7346083401,0.0138485317,0.1201831227,0.1787053203,0.0163432074,0.262295082,0.3342633929,0.0234375,0.875,0.8515625,0.3560992185,female
0.1320174624,0.084652306,0.1308122157,0.0480311891,0.2101364522,0.1621052632,1.3133402439,4.9925240694,0.9724508154,0.7870360382,0.02820013,0.1320174624,0.1786844675,0.015984016,0.275862069,0.7513020833,0.0078125,6.1953125,6.1875,0.1826454197,female
0.1346255517,0.0844029089,0.1545307644,0.0455935364,0.2091733996,0.1635798633,1.1404973184,3.9200258545,0.9676635744,0.7532375295,0.1985581106,0.1346255517,0.1815359786,0.0208604954,0.2711864407,0.4236391129,0.0078125,4.1640625,4.15625,0.1021303258,female
0.1144766735,0.081972759,0.090199005,0.0410945274,0.1999004975,0.1588059701,1.103680464,3.759184297,0.9541301104,0.6893465133,0.0097512438,0.1144766735,0.189393946,0.0163432074,0.2711864407,0.5668402778,0.0078125,4.2734375,4.265625,0.1832579186,female
0.1127692414,0.074423541,0.094248366,0.0491830065,0.1832352941,0.1340522876,0.9459529577,3.2909042011,0.9657185479,0.7424644896,0.1990196078,0.1127692414,0.169835634,0.0179171333,0.262295082,0.8776041667,0.0078125,4.9375,4.9296875,0.1717081238,female
0.126438849,0.0794119012,0.1273247107,0.0468890402,0.1989925119,0.1521034717,1.4521734124,5.5821060603,0.9719460296,0.7901751078,0.2144315861,0.126438849,0.1796126979,0.0295748614,0.2666666667,0.6141098485,0.0078125,4.9140625,4.90625,0.0900452024,female
0.1173495031,0.0900349706,0.1094781987,0.0240171551,0.2039456755,0.1799285204,2.6106226443,12.4428983768,0.9536237214,0.7014339298,0.0046032881,0.1173495031,0.1780402105,0.0165118679,0.2711864407,0.1887207031,0.0078125,0.75,0.7421875,0.2777589134,female
0.1047930803,0.0852006379,0.0778856153,0.0283882149,0.1861005199,0.157712305,2.4191265791,11.2819681735,0.956976934,0.7184621998,0.008492201,0.1047930803,0.1835653929,0.0164439877,0.275862069,0.2979525862,0.0078125,0.859375,0.8515625,0.370904325,female
0.127633058,0.0849311815,0.1588918677,0.0345308311,0.2014298481,0.166899017,1.5911737191,5.3476448868,0.9497572528,0.6712469086,0.1821626452,0.127633058,0.1783634587,0.0581818182,0.2711864407,0.6340144231,0.015625,5.03125,5.015625,0.1212461059,female
0.0912499797,0.0869564842,0.0481913652,0.0151925321,0.1790431739,0.1638506418,3.089786569,12.8575583606,0.9307150103,0.622815538,0.0119253209,0.0912499797,0.1708931,0.0161779575,0.275862069,0.7673141892,0.0078125,5.2890625,5.28125,0.1879120879,female
0.0824037606,0.0851363155,0.0351137102,0.016920078,0.1528265107,0.1359064327,2.5709443243,9.1792643941,0.9216485654,0.5760892316,0.0145549058,0.0824037606,0.183387146,0.0340425532,0.275862069,0.3289620536,0.0078125,0.75,0.7421875,0.4450526316,female
0.1246947555,0.0809891649,0.1318824464,0.0420333598,0.1972676728,0.1552343129,1.9707558956,8.0005040785,0.9585312615,0.7216824829,0.1977124702,0.1246947555,0.1825130002,0.0689655172,0.2388059701,0.2935267857,0.0078125,0.8515625,0.84375,0.396090535,female
0.131565985,0.0843538989,0.1318886381,0.0530925508,0.1961474793,0.1430549285,2.243370074,11.5447399844,0.968324296,0.7841075923,0.1955154251,0.131565985,0.1911633067,0.029143898,0.275862069,0.2147253788,0.0078125,0.796875,0.7890625,0.3516448419,female
0.1088884548,0.0920214881,0.0700625559,0.0225201072,0.2011796247,0.1786595174,2.2354353713,8.5286806243,0.9476210255,0.6797947401,0.0112600536,0.1088884548,0.1604731913,0.0195121951,0.275862069,0.4977213542,0.0078125,2.9453125,2.9375,0.236239593,female
0.0904448087,0.0790450524,0.0593584379,0.0208926081,0.1677266388,0.1468340307,2.1871611987,8.2211635301,0.9424040726,0.6289920431,0.0119107392,0.0904448087,0.182431307,0.0266222962,0.2580645161,0.7354525862,0.0078125,5.53125,5.5234375,0.1704889877,female
0.1375073304,0.0915208553,0.1612984496,0.0435465116,0.2212596899,0.1777131783,1.1196079559,4.1852074371,0.9677058855,0.7390079166,0.0086821705,0.1375073304,0.1900930268,0.0191158901,0.275862069,0.3543669872,0.0078125,3.1171875,3.109375,0.0960685782,female
0.1131477296,0.0903349057,0.0843351064,0.0266223404,0.1988297872,0.1722074468,2.2582729285,9.5793371331,0.9574330743,0.7176826061,0.0184308511,0.1131477296,0.1874438367,0.0234948605,0.262295082,0.6224888393,0.0078125,4.8984375,4.890625,0.1287171295,female
0.1497309256,0.0828520465,0.1809322034,0.0602118644,0.2197881356,0.1595762712,1.240036617,4.0193854291,0.9497866095,0.65293641,0,0.1497309256,0.1839741379,0.0519480519,0.253968254,1.3612132353,0.203125,6.03125,5.828125,0.3657004021,female
0.1896139744,0.0359326059,0.194115545,0.1684335914,0.2052888624,0.036855271,2.7244146897,10.9868640231,0.8712153051,0.2366835387,0.1956164384,0.1896139744,0.1630585583,0.0296846011,0.2580645161,1.3701923077,0.1640625,7,6.8359375,0.2359480519,female
0.2000969683,0.0455331636,0.2037964551,0.1765809034,0.2321326472,0.0555517439,1.1601966574,3.7338154589,0.9196072819,0.35714422,0.1769010863,0.2000969683,0.168530739,0.0632411067,0.262295082,0.71875,0.1484375,7,6.8515625,0.0922082858,female
0.1785725028,0.0466786752,0.1643882979,0.1493085106,0.2046010638,0.0552925532,3.0666684395,15.6840883015,0.8914476311,0.321169337,0.1530319149,0.1785725028,0.1553801934,0.025477707,0.253968254,0.6379206731,0.1484375,6.1484375,6,0.1012912326,female
0.2018058718,0.0360570918,0.2016223404,0.1781648936,0.2278723404,0.0497074468,1.5853530247,4.9456342439,0.884731404,0.2279026951,0.1761170213,0.2018058718,0.1917037139,0.0327198364,0.275862069,0.59375,0.0078125,5.921875,5.9140625,0.1243829521,female
0.2036266945,0.0415285988,0.2041041348,0.1756610516,0.239122001,0.0634609495,1.4629715849,4.7903702052,0.9034581053,0.2469533492,0.208820827,0.2036266945,0.146782923,0.0205655527,0.262295082,0.8755580357,0.171875,6.8984375,6.7265625,0.145533505,female
0.1836672603,0.0406070122,0.1825336323,0.1564798206,0.2076457399,0.0511659193,2.0541378266,7.4830187445,0.8981384509,0.3139245438,0.1770403587,0.1836672603,0.1492370411,0.0186480186,0.262295082,0.5503125,0.0078125,3.421875,3.4140625,0.1665032146,female
0.1687943682,0.0858424333,0.1889799809,0.095557674,0.2402287893,0.1446711153,1.4622479428,5.077955726,0.9562011633,0.7068613963,0.184442326,0.1687943682,0.1828633505,0.020698577,0.2711864407,0.98828125,0.0078125,5.8828125,5.875,0.2686170213,female
0.1517709617,0.0891468392,0.1859701493,0.058159204,0.230199005,0.172039801,1.2277103902,4.3043544938,0.9620450396,0.7445903629,0.2305472637,0.1517709617,0.2015997283,0.0234260615,0.2666666667,0.7667410714,0.0078125,4.0078125,4,0.1922200521,female
0.1706559144,0.0812370506,0.1842771084,0.1130120482,0.2390963855,0.1260843373,1.3782560474,5.4316627256,0.9507500682,0.6585577948,0.1615060241,0.1706559144,0.1984745444,0.16,0.253968254,0.4140625,0.0078125,0.734375,0.7265625,0.3369175627,female
0.1460233626,0.0925246278,0.1834337349,0.041746988,0.2243373494,0.1825903614,1.3849809177,5.1189268306,0.9489994449,0.659824811,0.2154819277,0.1460233626,0.1956396774,0.0395061728,0.275862069,0.5338541667,0.0078125,2.9921875,2.984375,0.2589243218,female
0.1318837344,0.0847340652,0.1537073707,0.0492849285,0.2011441144,0.1518591859,1.762128559,6.6303830153,0.9629341815,0.7631818712,0.2008360836,0.1318837344,0.1827895906,0.0837696335,0.262295082,0.8328993056,0.0078125,4.2109375,4.203125,0.161928712,female
0.1162209221,0.0892211425,0.0767580453,0.0427175209,0.2049106079,0.162193087,0.6937302658,2.5039544691,0.960715642,0.7095696902,0.0136829559,0.1162209221,0.1889796659,0.0344086022,0.275862069,0.9098557692,0.0390625,3.6796875,3.640625,0.2778969957,female
0.1420562557,0.0957984263,0.1837312366,0.0334238742,0.2243602573,0.1909363831,1.8765016261,6.6045085944,0.9468542621,0.6541963627,0.0080057184,0.1420562557,0.2099176768,0.0395061728,0.275862069,0.4942708333,0.0078125,2.9375,2.9296875,0.1947586207,female
0.1436587448,0.090628261,0.1849761678,0.043508103,0.2199428027,0.1764346997,1.5910648945,5.3882975426,0.9504363789,0.6754697168,0.2122020972,0.1436587448,0.1723749959,0.0344827586,0.25,0.7913602941,0.0078125,3.59375,3.5859375,0.3110021786,female
0.165508946,0.0928835369,0.1830439224,0.0700715015,0.2508273749,0.1807558733,1.7050291192,5.7691153664,0.9388294222,0.6015288102,0.2677017365,0.165508946,0.1856069312,0.0622568093,0.2711864407,0.2270220588,0.0078125,0.5546875,0.546875,0.35,female
